Season,Name,Tm,G,PA,AB,H,1B,2B,3B,HR,R,RBI,BB,IBB,SO,HBP,SF,SH,GDP,SB,CS,AVG,playerId
2021,"Albert Pujols","2 Tms",72,146,136,40,24,3,0,13,18,34,8,2,21,1,1,0,8,0,0,0.29411765,1177
2021,"Miguel Cabrera","DET",63,150,134,36,30,3,0,3,15,19,15,0,33,0,1,0,4,0,0,0.26865672,1744
2021,"David Peralta","ARI",64,92,86,23,13,8,1,1,11,12,5,0,16,1,0,0,0,0,1,0.26744186,2136
2021,"Carlos Santana","KCR",89,190,173,49,41,4,0,4,17,20,15,1,21,1,1,0,5,2,0,0.28323699,2396
2021,"Nelson Cruz","2 Tms",85,194,171,54,36,8,0,10,29,28,15,6,39,3,3,0,7,2,0,0.31578947,2434
2021,"Manny Pina","MIL",55,92,77,17,7,4,0,6,14,15,12,0,12,3,0,0,2,0,0,0.22077922,2829
2021,"Roberto Perez","CLE",32,61,52,9,5,0,0,4,7,9,8,0,18,1,0,0,0,0,0,0.17307692,2900
2021,"Tommy Pham","SDP",74,154,124,25,16,5,0,4,23,10,28,3,36,1,1,0,2,1,1,0.2016129,2967
2021,"Charlie Culberson","TEX",66,144,133,46,28,12,2,4,15,17,6,1,24,1,1,3,2,3,1,0.34586466,3298
2021,"Anthony Rizzo","2 Tms",88,171,151,49,36,6,0,7,19,21,11,0,17,8,1,0,4,1,0,0.32450331,3473
2021,"Eric Hosmer","SDP",89,158,149,39,27,9,0,3,12,19,5,0,27,2,1,1,5,1,1,0.26174497,3516
2021,"Michael Brantley","HOU",78,180,169,37,26,8,1,2,25,14,8,0,24,2,1,0,5,0,0,0.21893491,4106
2021,"Ryan Zimmerman","WSN",55,116,110,32,14,11,0,7,15,24,5,0,35,0,1,0,6,0,0,0.29090909,4220
2021,"Joey Votto","CIN",92,166,144,31,17,8,1,5,11,27,19,0,47,2,1,0,5,0,0,0.21527778,4314
2021,"Jed Lowrie","OAK",78,180,162,42,31,8,0,3,14,23,16,0,38,0,2,0,4,0,0,0.25925926,4418
2021,"Starlin Castro","WSN",46,89,83,29,23,6,0,0,5,11,5,0,20,0,1,0,1,0,0,0.34939759,4579
2021,"Jason Heyward","CHC",46,74,68,16,12,3,0,1,8,8,5,0,15,1,0,0,0,0,1,0.23529412,4940
2021,"Giancarlo Stanton","NYY",83,171,144,39,26,3,0,10,20,26,24,0,42,3,0,0,7,0,0,0.27083333,4949
2021,"Asdrubal Cabrera","2 Tms",65,123,109,28,17,9,0,2,13,16,12,1,25,1,1,0,2,1,0,0.25688073,4962
2021,"Josh Donaldson","MIN",73,167,140,36,18,5,0,13,26,28,25,1,41,1,1,0,6,0,0,0.25714286,5038
2021,"Justin Upton","LAA",53,107,89,20,11,2,0,7,15,15,17,0,31,1,0,0,4,1,0,0.2247191,5222
2021,"Justin Turner","LAD",83,177,159,41,24,7,0,10,30,30,15,0,27,2,1,0,2,2,0,0.25786164,5235
2021,"Robbie Grossman","DET",90,206,172,48,32,6,2,8,25,27,27,0,42,3,3,1,6,3,2,0.27906977,5254
2021,"Sandy Leon","MIA",42,65,57,13,11,2,0,0,3,1,6,0,12,1,0,1,1,0,0,0.22807018,5273
2021,"Brandon Crawford","SFG",89,150,135,33,21,6,0,6,12,27,12,0,38,0,3,0,2,1,3,0.24444444,5343
2021,"Freddie Freeman","ATL",97,192,171,44,30,6,1,7,25,20,16,0,31,4,1,0,4,2,1,0.25730994,5361
2021,"Juan Lagares","LAA",60,119,111,28,13,11,1,3,19,11,5,0,24,1,1,1,3,0,2,0.25225225,5384
2021,"Jose Altuve","HOU",84,207,187,52,33,12,0,7,38,21,16,1,27,1,2,1,1,3,2,0.27807487,5417
2021,"Ji-Man Choi","TBR",45,78,70,13,8,5,0,0,5,5,7,0,30,1,0,0,0,0,0,0.18571429,5452
2021,"Marwin Gonzalez","2 Tms",48,88,84,21,10,9,0,2,12,9,4,0,14,0,0,0,3,0,0,0.25,5497
2021,"Kyle Higashioka","NYY",38,69,64,15,7,3,0,5,8,16,4,0,16,0,1,0,0,0,0,0.234375,5517
2021,"Avisail Garcia","MIL",74,128,104,29,15,8,0,6,21,19,20,4,24,3,1,0,3,1,2,0.27884615,5760
2021,"Wilmer Flores","SFG",80,149,139,40,27,7,0,6,20,19,10,0,24,0,0,0,3,0,0,0.28776978,5827
2021,"Leury Garcia","CHW",78,139,124,35,26,7,1,1,14,20,7,0,33,1,3,4,4,2,0,0.28225806,5913
2021,"Jean Segura","PHI",84,183,163,51,33,11,1,6,26,21,18,3,22,1,1,0,5,3,1,0.31288344,5933
2021,"Didi Gregorius","PHI",68,106,89,14,8,3,0,3,6,14,7,0,19,7,3,0,2,0,0,0.15730337,6012
2021,"Eduardo Escobar","2 Tms",84,159,149,44,26,9,0,9,24,25,9,1,20,1,0,0,2,0,0,0.29530201,6153
2021,"J.D. Martinez","BOS",99,226,204,57,35,11,2,9,34,36,20,6,45,0,2,0,6,0,0,0.27941176,6184
2021,"Alcides Escobar","WSN",46,104,93,26,16,10,0,0,17,4,5,0,19,6,0,0,0,0,0,0.27956989,6310
2021,"Freddy Galvis","2 Tms",66,118,112,30,18,7,0,5,19,16,5,0,20,0,1,0,3,1,0,0.26785714,6609
2021,"Martin Maldonado","HOU",63,126,113,24,17,1,1,5,13,18,11,0,37,2,0,0,4,0,0,0.21238938,6887
2021,"Yadier Molina","STL",44,80,72,20,9,8,0,3,12,16,7,0,11,0,1,0,1,0,0,0.27777778,7007
2021,"Salvador Perez","KCR",93,184,172,52,30,4,0,18,29,36,8,1,40,3,1,0,5,0,0,0.30232558,7304
2021,"Miguel Rojas","MIA",72,163,142,45,29,12,0,4,21,18,17,0,18,3,1,0,2,4,1,0.31690141,7802
2021,"Charlie Blackmon","COL",89,158,136,39,32,4,0,3,21,18,19,0,25,3,0,0,0,2,0,0.28676471,7859
2021,"Josh Harrison","2 Tms",79,162,146,43,32,8,0,3,15,25,6,0,19,9,0,0,3,3,0,0.29452055,8202
2021,"Kurt Suzuki","LAA",52,110,99,24,16,3,0,5,7,9,4,0,17,6,0,1,5,0,0,0.24242424,8259
2021,"Donovan Solano","SFG",60,123,113,34,24,5,0,5,17,16,7,1,17,1,1,1,4,1,0,0.30088496,8623
2021,"Elvis Andrus","OAK",89,181,163,31,25,6,0,0,18,10,12,2,32,2,2,2,3,3,0,0.19018405,8709
2021,"Lorenzo Cain","MIL",41,78,68,14,9,4,0,1,15,12,10,0,11,0,0,0,2,7,1,0.20588235,9077
2021,"Buster Posey","SFG",62,119,106,39,24,9,0,6,23,18,12,5,22,0,1,0,5,0,0,0.36792453,9166
2021,"Paul Goldschmidt","STL",67,138,123,43,23,11,1,8,26,30,13,0,28,1,1,0,3,5,0,0.3495935,9218
2021,"Starling Marte","2 Tms",76,164,150,41,28,8,0,5,26,14,11,0,37,3,0,0,0,16,1,0.27333333,9241
2021,"AJ Pollock","LAD",70,139,125,36,22,7,0,7,22,17,12,3,26,2,0,0,1,3,1,0.288,9256
2021,"Evan Longoria","SFG",41,82,66,21,12,3,0,6,13,13,15,3,11,1,0,0,2,0,1,0.31818182,9368
2021,"Yan Gomes","2 Tms",54,125,121,38,22,9,0,7,20,22,2,0,25,1,1,0,3,0,0,0.31404959,9627
2021,"Christian Vazquez","BOS",76,160,151,33,24,7,0,2,18,12,7,0,29,0,2,0,6,1,0,0.21854305,9774
2021,"Nolan Arenado","STL",60,123,112,33,18,6,0,9,19,26,9,0,19,0,2,0,4,0,0,0.29464286,9777
2021,"Kyle Seager","SEA",103,234,219,48,26,9,0,13,22,32,13,0,64,0,2,0,3,2,1,0.21917808,9785
2021,"Andrew McCutchen","PHI",86,195,164,48,25,7,1,15,31,32,28,1,36,3,0,0,4,1,0,0.29268293,9847
2021,"DJ LeMahieu","NYY",98,213,188,50,41,7,0,2,22,18,23,1,22,0,2,0,7,0,1,0.26595745,9874
2021,"Brett Gardner","NYY",73,115,95,24,21,2,0,1,9,6,12,0,30,2,1,5,0,0,0,0.25263158,9927
2021,"Darin Ruf","SFG",68,140,113,32,16,6,1,9,17,21,24,2,28,2,1,0,4,1,0,0.28318584,9929
2021,"Wil Myers","SDP",73,140,118,32,19,9,0,4,20,11,21,2,32,0,1,0,3,4,2,0.27118644,10047
2021,"Max Stassi","LAA",42,77,67,13,7,4,0,2,9,7,10,0,25,0,0,0,1,0,0,0.19402985,10059
2021,"Jonathan Villar","NYM",82,157,146,41,31,7,0,3,19,9,11,0,43,0,0,0,2,5,4,0.28082192,10071
2021,"Jose Iglesias","2 Tms",81,157,148,44,31,8,1,4,19,17,9,0,22,0,0,0,5,0,1,0.2972973,10231
2021,"Randal Grichuk","TOR",76,148,138,34,19,9,0,6,18,18,8,0,25,1,1,0,7,0,0,0.24637681,10243
2021,"Brandon Belt","SFG",46,75,61,15,10,1,0,4,11,11,11,0,15,2,1,0,1,2,2,0.24590164,10264
2021,"Enrique Hernandez","BOS",93,233,196,51,27,13,1,10,31,25,31,0,41,2,4,0,1,0,0,0.26020408,10472
2021,"Cesar Hernandez","2 Tms",89,202,181,39,19,7,0,13,28,25,20,0,39,1,0,0,10,0,0,0.21546961,10556
2021,"Gio Urshela","NYY",67,139,133,39,25,9,1,4,13,13,4,0,37,1,1,0,5,1,0,0.29323308,10681
2021,"Jurickson Profar","SDP",56,90,78,12,8,3,0,1,9,6,10,0,15,0,1,0,4,1,1,0.15384615,10815
2021,"Andrelton Simmons","MIN",84,162,147,36,29,5,0,2,11,11,14,0,23,1,0,0,6,0,0,0.24489796,10847
2021,"Adam Duvall","2 Tms",71,142,129,23,12,5,0,6,13,24,13,1,48,0,0,0,0,0,0,0.17829457,10950
2021,"Phil Gosselin","LAA",74,157,142,39,32,5,0,2,15,15,13,0,23,2,0,0,2,2,1,0.27464789,10953
2021,"Kevin Kiermaier","TBR",68,122,112,30,23,5,2,0,12,11,7,0,36,3,0,0,1,3,0,0.26785714,11038
2021,"Jonathan Schoop","DET",84,196,177,59,40,10,0,9,25,33,15,0,40,1,3,0,5,1,0,0.33333333,11265
2021,"Whit Merrifield","KCR",86,196,181,50,33,14,0,3,30,18,11,1,24,1,3,0,3,18,0,0.27624309,11281
2021,"Jake Marisnick","2 Tms",56,90,81,21,13,4,2,2,10,11,5,0,28,2,2,0,2,2,1,0.25925926,11339
2021,"Jesus Aguilar","MIA",62,134,112,29,18,6,0,5,11,19,17,3,28,2,3,0,2,0,0,0.25892857,11342
2021,"Yasmani Grandal","CHW",53,96,64,17,11,0,0,6,18,16,29,0,21,0,2,1,3,0,0,0.265625,11368
2021,"Ronald Torreyes","PHI",60,126,116,33,24,6,0,3,13,17,9,1,16,1,0,0,2,0,0,0.28448276,11400
2021,"Gary Sanchez","NYY",66,130,113,26,11,7,0,8,22,19,16,1,30,1,0,0,0,0,0,0.2300885,11442
2021,"Mark Canha","OAK",90,210,181,40,23,9,1,7,30,23,23,0,41,6,0,0,4,6,2,0.22099448,11445
2021,"Odubel Herrera","PHI",78,153,139,35,23,9,0,3,17,12,6,0,26,5,1,1,2,2,0,0.25179856,11476
2021,"Christian Yelich","MIL",78,126,107,20,12,4,2,2,10,12,17,0,38,0,2,0,0,1,0,0.18691589,11477
2021,"Michael A. Taylor","KCR",82,152,139,41,31,6,0,4,16,21,11,0,44,0,1,1,2,4,4,0.29496403,11489
2021,"Manny Machado","SDP",83,163,134,33,19,9,0,5,24,14,27,4,20,1,1,0,2,0,2,0.24626866,11493
2021,"Bryce Harper","PHI",95,190,152,39,26,8,1,4,24,12,34,0,54,2,1,1,4,5,0,0.25657895,11579
2021,"Willson Contreras","CHC",58,132,116,33,20,5,0,8,21,23,14,1,33,0,2,0,3,2,1,0.28448276,11609
2021,"Elias Diaz","COL",65,135,120,29,17,6,0,6,14,13,15,1,27,0,0,0,2,0,0,0.24166667,11680
2021,"Nick Castellanos","CIN",78,155,144,44,23,11,0,10,24,28,10,2,32,1,0,0,1,2,0,0.30555556,11737
2021,"J.T. Realmuto","PHI",81,156,137,33,18,12,0,3,17,14,17,2,39,2,0,0,3,2,0,0.24087591,11739
2021,"Joc Pederson","2 Tms",65,112,98,26,19,5,0,2,9,17,10,0,25,3,1,0,3,0,0,0.26530612,11899
2021,"Hanser Alberto","KCR",70,127,119,34,20,10,2,2,12,15,4,0,12,2,1,1,1,2,1,0.28571429,11902
2021,"Jon Berti","MIA",57,104,87,14,9,3,0,2,12,6,16,0,24,0,1,0,2,1,3,0.16091954,12037
2021,"Niko Goodrum","DET",51,108,95,26,20,3,1,2,14,10,11,0,33,1,1,0,1,6,2,0.27368421,12092
2021,"Max Kepler","MIN",71,129,115,18,11,4,1,2,7,8,11,0,26,3,0,0,0,2,0,0.15652174,12144
2021,"Nick Ahmed","ARI",78,158,143,36,15,15,3,3,24,14,13,1,29,1,1,0,2,4,1,0.25174825,12147
2021,"Eddie Rosario","2 Tms",61,120,113,30,24,3,1,2,9,23,4,0,20,0,1,2,0,3,2,0.26548673,12155
2021,"Austin Barnes","LAD",46,73,66,14,10,1,0,3,10,6,4,0,19,2,0,1,1,1,0,0.21212121,12158
2021,"Ben Gamel","2 Tms",62,108,97,23,16,5,1,1,8,7,5,0,28,2,2,2,2,1,0,0.2371134,12160
2021,"Xander Bogaerts","BOS",99,213,183,52,37,8,0,7,34,30,28,1,45,0,2,0,3,0,1,0.28415301,12161
2021,"Miguel Sano","MIN",79,174,151,36,27,4,0,5,21,18,23,0,50,0,0,0,4,1,0,0.2384106,12164
2021,"Maikel Franco","BAL",63,131,121,24,13,9,0,2,15,13,7,0,25,1,2,0,3,0,0,0.19834711,12179
2021,"Jorge Alfaro","MIA",45,87,85,22,11,8,0,3,4,11,2,0,29,0,0,0,4,0,1,0.25882353,12180
2021,"Rougned Odor","NYY",55,111,97,22,14,2,0,6,14,12,10,0,26,4,0,0,2,0,0,0.22680412,12282
2021,"Kevin Pillar","NYM",67,125,121,29,19,4,0,6,12,11,2,0,26,1,1,0,0,0,1,0.23966942,12434
2021,"Kolten Wong","MIL",66,147,138,41,29,6,2,4,18,17,7,0,22,1,1,0,1,3,4,0.29710145,12532
2021,"Marcus Semien","TOR",92,195,177,43,24,8,1,10,26,30,17,0,43,1,0,0,1,2,0,0.24293785,12533
2021,"C.J. Cron","COL",78,150,132,41,21,12,0,8,22,30,15,2,34,3,0,0,1,1,0,0.31060606,12546
2021,"Eugenio Suarez","CIN",86,153,134,23,11,6,0,6,15,14,16,0,53,2,1,0,5,0,0,0.17164179,12552
2021,"Trevor Story","COL",78,161,145,43,18,13,3,9,33,27,13,0,30,2,1,0,1,2,2,0.29655172,12564
2021,"Brad Miller","PHI",57,80,77,13,8,1,0,4,10,13,3,0,32,0,0,0,2,2,0,0.16883117,12775
2021,"George Springer","TOR",45,93,78,22,12,4,1,5,12,13,12,0,26,2,0,0,0,2,1,0.28205128,12856
2021,"Brian Goodwin","CHW",38,66,59,8,8,0,0,0,1,6,5,0,18,0,1,1,0,0,0,0.13559322,12858
2021,"James McCann","NYM",75,128,113,29,20,5,0,4,6,19,13,0,34,1,1,0,4,1,0,0.25663717,12859
2021,"Anthony Rendon","LAA",37,80,67,13,8,3,0,2,6,8,12,1,9,0,1,0,7,0,0,0.19402985,12861
2021,"Gregory Polanco","PIT",63,106,93,16,13,3,0,0,8,9,8,0,36,1,4,0,5,3,1,0.17204301,12907
2021,"Francisco Lindor","NYM",81,164,146,35,23,5,2,5,22,16,15,1,22,0,0,3,4,4,2,0.23972603,12916
2021,"Brandon Nimmo","NYM",52,120,98,30,24,4,1,1,14,7,19,0,27,2,0,1,0,0,0,0.30612245,12927
2021,"Phillip Evans","PIT",38,74,62,15,13,1,0,1,7,6,10,1,15,2,0,0,0,1,0,0.24193548,12950
2021,"Austin Hedges","CLE",50,92,84,15,9,2,0,4,9,7,5,0,26,0,1,2,0,0,0,0.17857143,12976
2021,"Javier Baez","2 Tms",78,144,127,37,22,6,0,9,30,21,13,1,43,4,0,0,3,10,1,0.29133858,12979
2021,"Jackie Bradley Jr.","MIL",56,78,65,11,9,0,1,1,6,6,10,0,24,1,2,0,3,2,0,0.16923077,12984
2021,"Teoscar Hernandez","TOR",67,140,129,48,24,12,0,12,29,38,8,0,28,1,2,0,1,3,3,0.37209302,13066
2021,"Josh Bell","WSN",104,182,151,37,21,7,0,9,20,26,30,0,25,0,1,0,7,0,0,0.24503311,13145
2021,"Jorge Polanco","MIN",97,211,198,54,29,15,1,9,33,32,8,0,34,3,2,0,2,3,0,0.27272727,13152
2021,"Mike Zunino","TBR",65,129,114,39,13,8,2,16,26,30,14,0,36,1,0,0,2,0,0,0.34210526,13265
2021,"Max Muncy","LAD",80,160,134,37,21,4,1,11,22,27,20,1,26,6,0,0,3,0,0,0.2761194,13301
2021,"Omar Narvaez","MIL",54,72,66,10,8,1,0,1,6,7,4,0,16,2,0,0,2,0,0,0.15151515,13338
2021,"Tyler Naquin","CIN",51,70,61,12,10,1,0,1,7,6,8,0,18,1,0,0,1,2,2,0.19672131,13359
2021,"Stephen Piscotty","OAK",52,99,90,23,15,6,0,2,9,7,8,0,17,1,0,0,2,0,0,0.25555556,13367
2021,"Erik Gonzalez","PIT",42,73,68,20,16,2,0,2,5,12,5,0,11,0,0,0,1,0,2,0.29411765,13369
2021,"Christian Walker","ARI",73,142,121,29,20,9,0,0,19,9,18,1,27,2,1,0,3,0,0,0.23966942,13419
2021,"Tom Murphy","SEA",77,173,142,33,20,5,0,8,20,22,26,0,50,2,1,0,5,0,0,0.23239437,13499
2021,"Jose Ramirez","CLE",92,211,190,55,32,12,0,11,34,30,19,4,28,1,1,0,7,6,1,0.28947368,13510
2021,"Jesse Winker","CIN",63,118,102,18,13,2,0,3,13,15,15,0,28,1,0,0,2,0,0,0.17647059,13590
2021,"Jose Peraza","NYM",43,67,63,11,4,4,0,3,11,11,3,0,11,1,0,0,1,0,0,0.17460317,13593
2021,"Patrick Wisdom","CHC",68,118,103,23,10,5,0,8,18,15,15,1,52,0,0,0,1,1,0,0.22330097,13602
2021,"Mookie Betts","LAD",68,147,124,33,19,7,1,6,28,15,21,1,29,1,1,0,1,1,3,0.26612903,13611
2021,"Ketel Marte","ARI",54,115,106,41,20,13,0,8,22,23,7,3,14,2,0,0,3,0,0,0.38679245,13613
2021,"Carson Kelly","ARI",63,134,112,35,21,4,1,9,20,27,19,1,19,1,2,0,2,0,0,0.3125,13620
2021,"Jeimer Candelario","DET",74,173,161,44,26,14,1,3,24,16,10,0,38,2,0,0,4,0,0,0.27329193,13621
2021,"Corey Seager","LAD",60,124,115,38,25,7,0,6,13,22,6,0,27,2,1,0,4,0,1,0.33043478,13624
2021,"Tyrone Taylor","MIL",48,89,84,25,18,2,0,5,13,10,3,0,22,2,0,0,2,3,0,0.29761905,13675
2021,"Jacob Stallings","PIT",76,151,135,27,18,5,0,4,14,21,14,0,29,0,2,0,4,0,0,0.2,13723
2021,"David Dahl","TEX",32,64,59,6,4,2,0,0,2,2,3,0,20,1,1,0,1,0,0,0.10169492,13744
2021,"Chris Taylor","LAD",87,170,152,45,24,13,2,6,30,25,17,1,51,1,0,0,1,5,0,0.29605263,13757
2021,"Rob Refsnyder","MIN",29,64,56,17,14,2,0,1,7,5,8,0,14,0,0,0,1,0,0,0.30357143,13770
2021,"Kevin Plawecki","BOS",40,78,71,22,18,2,0,2,8,10,5,0,9,2,0,0,3,0,0,0.30985915,13807
2021,"Matt Duffy","CHC",51,102,89,24,20,4,0,0,18,5,11,0,15,2,0,0,5,4,0,0.26966292,13836
2021,"Joey Wendle","TBR",73,134,119,24,16,4,2,2,15,11,11,0,35,3,1,0,3,2,2,0.20168067,13853
2021,"Eric Haase","DET",56,127,120,34,19,4,0,11,21,25,6,0,38,0,1,0,5,1,0,0.28333333,14111
2021,"Joey Gallo","2 Tms",106,218,180,36,18,6,1,11,24,24,34,0,83,4,0,0,0,0,0,0.2,14128
2021,"Byron Buxton","MIN",34,86,80,26,12,9,0,5,18,6,4,0,22,2,0,0,0,3,0,0.325,14161
2021,"Carlos Correa","HOU",95,221,186,54,36,12,1,5,40,22,32,1,32,2,1,0,6,0,0,0.29032258,14162
2021,"Jorge Soler","2 Tms",75,168,143,32,15,5,0,12,20,16,22,0,42,2,0,0,0,0,0,0.22377622,14221
2021,"Mitch Haniger","SEA",99,229,203,58,33,8,1,16,42,35,21,2,52,1,4,0,5,1,0,0.28571429,14274
2021,"Wilmer Difo","PIT",47,67,64,15,12,3,0,0,5,2,3,0,20,0,0,0,2,0,0,0.234375,14320
2021,"Matt Olson","OAK",112,254,222,60,29,9,0,22,44,50,26,2,46,4,2,0,6,3,0,0.27027027,14344
2021,"Raimel Tapia","COL",78,138,130,38,31,7,0,0,17,10,6,0,17,0,1,1,2,4,3,0.29230769,14350
2021,"Lewis Brinson","MIA",51,96,90,23,14,5,0,4,6,12,6,0,26,0,0,0,2,1,0,0.25555556,14352
2021,"Harold Ramirez","CLE",62,126,118,34,20,12,0,2,13,12,7,0,19,1,0,0,4,0,0,0.28813559,14387
2021,"Pedro Severino","BAL",73,161,147,43,30,6,0,7,14,20,12,0,34,0,2,0,4,0,0,0.29251701,14523
2021,"Anthony Santander","BAL",74,157,148,38,24,10,0,4,20,12,7,0,49,1,1,0,3,0,0,0.25675676,14551
2021,"Franmil Reyes","CLE",70,146,127,33,18,6,0,9,21,22,18,3,43,1,0,0,3,2,0,0.25984252,14566
2021,"David Bote","CHC",56,100,89,19,10,4,1,4,9,16,9,0,25,1,1,0,1,0,1,0.21348315,14593
2021,"Manuel Margot","TBR",91,209,187,51,35,11,1,4,23,22,20,2,26,1,0,1,3,3,6,0.27272727,14712
2021,"Brett Phillips","TBR",47,84,73,8,6,1,0,1,4,3,9,0,41,0,0,2,2,3,0,0.10958904,14735
2021,"Yu Chang","CLE",62,132,124,28,16,6,2,4,12,18,6,0,36,1,1,0,2,0,0,0.22580645,14773
2021,"Luke Voit","NYY",44,92,81,21,16,1,1,3,8,14,10,0,23,1,0,0,5,0,0,0.25925926,14811
2021,"Kyle Farmer","CIN",73,122,113,29,18,4,0,7,22,10,6,0,20,3,0,0,4,0,1,0.25663717,14813
2021,"Mike Yastrzemski","SFG",68,126,112,19,13,4,0,2,18,7,11,0,33,2,1,0,3,0,0,0.16964286,14854
2021,"Pat Valaika","BAL",56,113,103,22,18,2,0,2,9,11,8,0,24,0,2,0,1,0,0,0.21359223,14885
2021,"Tony Kemp","OAK",50,97,75,18,15,1,0,2,16,10,17,0,18,4,1,0,0,4,0,0.24,14894
2021,"Victor Caratini","SDP",52,76,70,19,17,1,0,1,6,10,4,2,23,1,1,0,1,0,0,0.27142857,14968
2021,"Ryan McMahon","COL",91,173,153,35,24,7,0,4,13,21,17,1,46,2,1,0,4,0,2,0.22875817,15112
2021,"Hunter Dozier","KCR",85,158,137,28,16,9,0,3,14,9,18,0,47,2,1,0,1,2,1,0.20437956,15117
2021,"Trey Mancini","BAL",96,223,198,57,31,14,1,11,34,35,22,2,46,2,1,0,7,0,0,0.28787879,15149
2021,"Mitch Garver","MIN",48,105,93,20,10,4,0,6,10,16,10,0,32,0,2,0,3,0,0,0.21505376,15161
2021,"Tim Anderson","CHW",62,143,138,44,30,9,1,4,22,16,5,1,30,0,0,0,3,2,1,0.31884058,15172
2021,"Chad Pinder","OAK",55,114,103,30,17,7,1,5,15,18,10,0,27,1,0,0,3,1,0,0.29126214,15191
2021,"Jake Bauers","2 Tms",44,70,65,15,13,2,0,0,6,3,4,0,26,0,0,0,0,1,0,0.23076923,15194
2021,"Adam Frazier","2 Tms",92,181,164,45,31,9,2,3,23,17,11,0,31,6,0,0,3,1,2,0.27439024,15223
2021,"Garrett Cooper","MIA",34,71,64,22,16,2,0,4,10,11,6,0,20,1,0,0,1,0,0,0.34375,15279
2021,"Frank Schwindel","2 Tms",41,80,71,23,11,5,1,6,11,11,9,2,11,0,0,0,4,0,0,0.32394366,15351
2021,"Jeff McNeil","NYM",72,110,99,25,21,3,1,0,9,8,8,0,19,3,0,0,3,0,0,0.25252525,15362
2021,"Jack Mayfield","2 Tms",47,103,94,21,13,3,0,5,12,13,7,0,23,1,1,0,3,2,0,0.22340426,15402
2021,"Kris Bryant","2 Tms",79,153,134,38,22,7,0,9,25,22,19,3,38,0,0,0,3,3,0,0.28358209,15429
2021,"Hunter Renfroe","BOS",95,207,181,50,28,11,0,11,35,33,24,0,41,1,1,0,3,0,1,0.27624309,15464
2021,"Aristides Aquino","CIN",58,98,81,16,8,2,0,6,11,13,15,1,28,0,2,0,0,0,2,0.19753086,15482
2021,"Victor Reyes","DET",43,69,65,21,14,4,1,2,10,10,3,0,14,0,0,1,0,4,0,0.32307692,15487
2021,"J.P. Crawford","SEA",110,273,252,69,51,14,0,4,28,28,15,0,48,4,1,1,5,1,0,0.27380952,15491
2021,"Amed Rosario","CLE",83,188,176,55,38,9,3,5,25,22,12,0,33,0,0,0,4,4,0,0.3125,15518
2021,"Willians Astudillo","MIN",42,87,83,20,13,4,0,3,8,12,2,0,5,1,1,0,7,0,0,0.24096386,15608
2021,"Aaron Judge","NYY",92,188,161,48,30,3,0,15,29,32,24,1,44,2,1,0,2,1,1,0.29813665,15640
2021,"Dominic Smith","NYM",80,139,125,39,30,7,0,2,7,20,11,0,28,1,2,0,3,0,0,0.312,15653
2021,"Billy McKinney","3 Tms",48,68,59,13,7,4,0,2,8,5,9,0,20,0,0,0,0,1,0,0.22033898,15654
2021,"Austin Meadows","TBR",90,189,167,33,23,7,0,3,16,25,15,0,43,3,4,0,1,0,1,0.19760479,15672
2021,"Jose Abreu","CHW",74,153,136,40,21,7,1,11,28,30,11,0,29,5,1,0,6,0,0,0.29411765,15676
2021,"Rowdy Tellez","2 Tms",47,63,58,16,13,1,0,2,7,7,3,0,12,2,0,0,1,0,0,0.27586207,15679
2021,"Tyler O'Neill","STL",51,98,83,24,9,8,0,7,16,14,13,0,28,1,1,0,2,1,1,0.28915663,15711
2021,"Yonathan Daza","COL",60,117,108,32,25,5,1,1,12,10,7,0,23,0,0,2,5,1,0,0.2962963,15794
2021,"Miguel Andujar","NYY",32,66,63,14,11,1,0,2,6,4,3,0,16,0,0,0,5,0,0,0.22222222,15878
2021,"Luis Torrens","SEA",73,151,142,39,20,9,1,9,20,23,8,1,34,0,1,0,2,0,0,0.27464789,15905
2021,"Aledmys Diaz","HOU",51,110,102,27,14,9,0,4,13,20,7,1,19,1,0,0,2,0,1,0.26470588,15937
2021,"Austin Nola","SDP",37,75,69,24,18,6,0,0,10,12,5,0,7,0,1,0,0,0,0,0.34782609,15941
2021,"Clint Frazier","NYY",43,82,69,13,11,1,0,1,5,3,13,0,27,0,0,0,3,2,0,0.1884058,15983
2021,"Willy Adames","2 Tms",84,168,149,35,19,8,0,8,21,18,19,1,52,0,0,0,1,1,3,0.23489933,15986
2021,"Cody Bellinger","LAD",57,96,86,10,8,0,1,1,8,4,10,0,20,0,0,0,1,0,0,0.11627907,15998
2021,"Austin Slater","SFG",92,193,169,48,28,10,0,10,26,24,21,2,37,3,0,0,3,10,2,0.28402367,16153
2021,"J.D. Davis","NYM",37,65,54,13,10,2,0,1,5,6,10,1,23,0,1,0,0,0,0,0.24074074,16219
2021,"Bradley Zimmer","CLE",51,88,76,16,14,1,0,1,7,5,7,0,30,3,2,0,1,1,0,0.21052632,16221
2021,"Trea Turner","2 Tms",80,167,153,60,35,12,2,11,36,32,11,1,19,2,1,0,5,4,2,0.39215686,16252
2021,"Oscar Mercado","CLE",50,98,85,25,17,6,0,2,10,6,11,0,14,1,0,1,1,3,1,0.29411765,16375
2021,"Michael Conforto","NYM",83,146,122,25,22,2,0,1,15,9,19,0,37,5,0,0,9,0,0,0.20491803,16376
2021,"Francisco Mejia","TBR",52,115,105,29,21,5,0,3,14,10,10,0,22,0,0,0,3,0,0,0.27619048,16403
2021,"Sergio Alcantara","CHC",45,81,69,10,8,1,1,0,4,3,9,1,19,1,2,0,3,1,0,0.14492754,16417
2021,"Jordan Luplow","2 Tms",43,109,90,15,6,4,0,5,9,10,19,0,33,0,0,0,1,0,2,0.16666667,16424
2021,"Thairo Estrada","SFG",28,60,55,13,9,2,0,2,8,9,5,1,10,0,0,0,1,0,0,0.23636364,16426
2021,"Christian Arroyo","BOS",36,74,70,23,15,5,0,3,11,10,2,0,17,1,0,0,0,0,0,0.32857143,16434
2021,"Rhys Hoskins","PHI",67,150,128,32,11,11,0,10,20,24,18,0,34,4,0,0,4,2,2,0.25,16472
2021,"Kyle Schwarber","2 Tms",72,149,123,33,25,4,0,4,17,11,21,0,43,4,1,0,2,0,0,0.26829268,16478
2021,"Matt Chapman","OAK",90,208,180,41,23,3,1,14,31,30,25,0,66,0,3,0,3,3,0,0.22777778,16505
2021,"Isiah Kiner-Falefa","TEX",92,214,202,47,36,9,0,2,20,12,7,1,27,4,1,0,3,1,1,0.23267327,16512
2021,"Mauricio Dubon","SFG",38,73,68,17,11,3,0,3,7,8,5,2,11,0,0,0,2,0,0,0.25,16530
2021,"Danny Jansen","TOR",42,68,60,9,4,2,0,3,9,6,6,0,16,2,0,0,1,0,0,0.15,16535
2021,"Ozzie Albies","ATL",83,175,164,53,29,14,1,9,27,33,8,0,24,1,2,0,1,5,3,0.32317073,16556
2021,"Yandy Diaz","TBR",95,218,191,55,37,12,0,6,24,25,25,3,33,0,2,0,6,0,0,0.28795812,16578
2021,"Luis Urias","MIL",78,135,115,28,16,5,0,7,22,18,14,0,23,2,2,1,2,1,1,0.24347826,16622
2021,"Jose Trevino","TEX",49,96,90,17,11,6,0,0,12,3,4,0,12,0,0,2,7,1,0,0.18888889,16725
2021,"Joshua Fuentes","COL",44,91,84,20,11,6,1,2,10,12,7,1,21,0,0,0,1,0,0,0.23809524,16885
2021,"Colin Moran","PIT",59,95,82,14,10,2,0,2,5,9,11,0,23,2,0,0,4,0,0,0.17073171,16909
2021,"Jonah Heim","TEX",45,81,75,19,10,6,0,3,5,13,3,0,19,0,2,1,3,0,0,0.25333333,16930
2021,"Lane Thomas","2 Tms",38,78,63,24,14,7,2,1,18,8,15,1,14,0,0,0,2,1,2,0.38095238,16939
2021,"Derek Hill","DET",29,63,61,19,14,2,2,1,8,5,2,0,15,0,0,0,1,2,2,0.31147541,16947
2021,"Gleyber Torres","NYY",74,158,140,41,30,6,0,5,17,15,14,1,28,1,1,2,3,6,2,0.29285714,16997
2021,"Edmundo Sosa","STL",46,79,69,15,9,2,3,1,7,9,4,0,13,5,1,0,1,0,1,0.2173913,17022
2021,"Alex Verdugo","BOS",90,201,189,43,36,5,0,2,22,12,9,0,35,2,1,0,6,0,0,0.22751323,17027
2021,"Ramon Laureano","OAK",53,129,115,35,22,9,1,3,15,11,11,0,24,3,0,0,3,5,3,0.30434783,17128
2021,"Yoan Moncada","CHW",76,154,135,34,24,8,0,2,17,10,13,0,51,6,0,0,0,1,0,0.25185185,17232
2021,"Jorge Mateo","2 Tms",40,75,71,18,12,4,1,1,7,6,3,0,22,0,0,1,1,4,3,0.25352113,17273
2021,"Bobby Bradley","CLE",43,78,68,11,3,3,0,5,9,12,7,0,31,3,0,0,0,0,0,0.16176471,17278
2021,"Willi Castro","DET",68,136,128,36,26,8,1,1,17,15,5,0,22,1,1,1,3,1,1,0.28125,17338
2021,"Rafael Devers","BOS",113,252,227,63,46,11,0,6,28,28,20,0,41,4,1,0,5,1,2,0.27753304,17350
2021,"Yermin Mercedes","CHW",34,70,65,22,15,4,1,2,9,11,5,1,6,0,0,0,0,0,0,0.33846154,17423
2021,"Kelvin Gutierrez","2 Tms",44,81,75,19,13,3,1,2,9,8,5,0,22,1,0,0,3,0,1,0.25333333,17468
2021,"Taylor Ward","LAA",38,77,66,20,14,4,0,2,10,11,8,0,14,2,0,1,2,0,0,0.3030303,17548
2021,"Myles Straw","2 Tms",94,202,181,44,39,5,0,0,26,11,21,0,41,0,0,0,4,5,2,0.24309392,17620
2021,"Alex Bregman","HOU",58,141,120,36,27,5,0,4,19,19,19,4,19,1,1,0,3,0,0,0.3,17678
2021,"Kevin Newman","PIT",92,177,163,36,23,9,1,3,20,9,9,2,8,0,2,3,2,1,0,0.2208589,17696
2021,"Willie Calhoun","TEX",34,60,55,13,8,3,1,1,7,6,3,0,5,2,0,0,3,0,0,0.23636364,17838
2021,"Andrew Benintendi","KCR",84,156,145,44,29,11,1,3,17,23,7,0,27,2,2,0,1,3,1,0.30344828,17901
2021,"Brendan Rodgers","COL",56,106,101,32,16,8,0,8,18,19,3,0,14,2,0,0,1,0,0,0.31683168,17907
2021,"Ian Happ","CHC",75,125,108,23,14,6,0,3,18,12,13,0,38,1,1,2,6,2,0,0.21296296,17919
2021,"Isan Diaz","MIA",51,86,77,13,11,2,0,0,4,3,7,2,21,1,1,0,1,0,0,0.16883117,17922
2021,"Cedric Mullins","BAL",99,247,224,62,41,12,0,9,26,20,17,1,46,4,1,1,0,6,3,0.27678571,17929
2021,"Ty France","SEA",92,216,193,60,41,9,1,9,30,33,13,1,34,6,4,0,8,0,0,0.31088083,17982
2021,"Tyler Stephenson","CIN",73,143,127,37,24,9,0,4,19,18,13,1,20,1,2,0,4,0,0,0.29133858,17988
2021,"David Fletcher","LAA",96,209,193,61,47,11,1,2,22,17,15,0,12,0,0,1,3,3,2,0.31606218,17992
2021,"Paul DeJong","STL",51,90,80,13,6,3,0,4,10,7,8,0,30,2,0,0,3,0,0,0.1625,18015
2021,"Harrison Bader","STL",42,75,70,17,9,4,0,4,9,8,4,1,16,1,0,0,0,0,1,0.24285714,18030
2021,"Jake Cronenworth","SDP",107,199,178,48,29,13,2,4,23,21,13,0,31,5,0,0,3,1,1,0.26966292,18036
2021,"Dylan Moore","SEA",81,158,136,28,18,4,0,6,20,16,21,0,33,1,0,0,3,10,3,0.20588235,18042
2021,"Kyle Garlick","MIN",23,63,59,16,6,6,0,4,12,6,2,0,19,1,1,0,1,0,0,0.27118644,18063
2021,"Brian Anderson","MIA",31,60,57,9,7,1,0,1,5,5,2,1,26,1,0,0,2,1,0,0.15789474,18289
2021,"Dansby Swanson","ATL",75,147,131,31,15,9,0,7,21,25,12,1,31,1,3,0,0,1,1,0.23664122,18314
2021,"Kyle Tucker","HOU",91,202,185,53,27,11,2,13,34,44,14,0,25,0,3,0,3,0,0,0.28648649,18345
2021,"Austin Riley","ATL",70,149,135,37,22,12,0,3,17,18,9,0,42,2,3,0,1,0,0,0.27407407,18360
2021,"Victor Robles","WSN",55,112,91,16,12,3,0,1,13,4,14,2,27,7,0,0,2,2,1,0.17582418,18363
2021,"Ryan Mountcastle","BAL",91,209,188,50,28,8,1,13,27,36,16,1,55,0,5,0,3,3,2,0.26595745,18373
2021,"Ronald Acuna Jr.","ATL",40,81,63,19,10,3,0,6,16,16,15,0,14,1,2,0,0,3,3,0.3015873,18401
2021,"Trent Grisham","SDP",73,138,115,30,20,3,2,5,12,24,16,0,26,5,1,1,4,3,2,0.26086957,18564
2021,"Luis Arraez","MIN",63,114,99,25,19,5,1,0,9,9,13,0,20,0,2,0,2,0,0,0.25252525,18568
2021,"Ke'Bryan Hayes","PIT",54,120,111,31,20,8,2,1,18,12,8,0,23,0,1,0,3,0,0,0.27927928,18577
2021,"Jared Walsh","LAA",95,192,182,31,17,4,0,10,13,30,9,0,54,0,1,0,2,1,0,0.17032967,18607
2021,"Guillermo Heredia","ATL",57,100,89,23,10,12,0,1,15,7,8,0,19,2,1,0,1,0,0,0.25842697,18721
2021,"Ramon Urias","BAL",58,132,119,28,18,5,0,5,17,15,12,0,36,1,0,0,1,1,1,0.23529412,18795
2021,"Andy Ibanez","TEX",43,97,93,32,21,8,0,3,11,12,3,0,10,1,0,0,1,0,0,0.34408602,18819
2021,"Josh Naylor","CLE",48,90,83,16,12,3,0,1,9,5,5,0,21,1,0,0,2,0,0,0.19277108,18839
2021,"Brandon Lowe","TBR",97,188,172,34,19,5,0,10,17,27,14,0,64,1,1,0,0,1,0,0.19767442,18882
2021,"Danny Mendick","CHW",43,80,73,16,15,0,0,1,5,8,7,0,20,0,0,0,1,0,1,0.21917808,18889
2021,"Will Smith","LAD",73,138,121,28,18,4,0,6,18,11,15,4,26,1,1,0,3,2,0,0.23140496,19197
2021,"Yuli Gurriel","HOU",92,208,181,59,38,13,0,8,29,34,23,2,17,0,4,0,6,0,0,0.32596685,19198
2021,"Lourdes Gurriel Jr.","TOR",90,156,145,39,25,8,1,5,19,23,8,0,33,0,3,0,1,0,0,0.26896552,19238
2021,"Pete Alonso","NYM",96,199,169,40,18,5,1,16,27,32,26,5,43,2,2,0,6,1,0,0.23668639,19251
2021,"Cavan Biggio","TOR",45,70,60,12,9,3,0,0,2,5,8,0,24,0,1,1,0,2,0,0.2,19252
2021,"Jake Fraley","SEA",47,85,71,12,10,1,0,1,6,6,14,0,30,0,0,0,1,4,1,0.16901408,19260
2021,"Garrett Hampson","COL",78,159,144,39,22,9,3,5,25,13,13,0,26,1,0,1,3,8,2,0.27083333,19262
2021,"Adolis Garcia","TEX",95,213,203,47,26,11,0,10,26,32,8,0,72,1,1,0,2,2,2,0.23152709,19287
2021,"Randy Arozarena","TBR",102,233,202,61,36,13,2,10,41,22,26,3,61,3,2,0,5,8,5,0.3019802,19290
2021,"Nick Solak","TEX",75,158,139,37,28,6,0,3,17,21,12,0,29,7,0,0,3,0,3,0.26618705,19294
2021,"Bryan Reynolds","PIT",104,191,166,54,32,17,1,4,30,24,23,4,43,0,2,0,4,3,2,0.3253012,19326
2021,"Yadiel Hernandez","WSN",48,86,80,24,16,3,1,4,12,13,6,0,23,0,0,0,3,1,0,0.3,19334
2021,"Nicky Lopez","KCR",75,141,125,36,30,3,2,1,20,15,9,0,20,1,2,4,2,4,0,0.288,19339
2021,"Eli White","TEX",39,87,75,10,7,2,0,1,8,4,10,0,23,2,0,0,1,1,1,0.13333333,19346
2021,"DJ Peters","2 Tms",44,90,81,12,7,2,0,3,7,11,6,2,31,1,2,0,2,0,0,0.14814815,19348
2021,"Sean Murphy","OAK",72,142,124,24,15,4,0,5,17,15,12,0,38,4,2,0,2,0,0,0.19354839,19352
2021,"Austin Hays","BAL",85,214,198,61,37,11,2,11,32,30,10,0,33,2,1,3,5,0,0,0.30808081,19363
2021,"Tommy Edman","STL",71,157,146,39,20,12,1,6,28,16,8,0,21,1,1,1,1,4,0,0.26712329,19470
2021,"Yordan Alvarez","HOU",99,229,205,58,33,12,0,13,37,39,18,0,53,4,2,0,5,0,0,0.28292683,19556
2021,"Zack Short","DET",39,81,67,9,4,2,0,3,10,8,12,1,21,0,2,0,2,1,0,0.13432836,19562
2021,"Nathaniel Lowe","TEX",101,207,184,51,38,8,1,4,23,19,23,0,55,0,0,0,4,1,0,0.27717391,19566
2021,"Chas McCormick","HOU",43,90,78,19,9,5,0,5,14,18,9,0,28,1,2,0,1,0,1,0.24358974,19599
2021,"Vladimir Guerrero Jr.","TOR",81,173,146,43,29,3,0,11,33,19,27,0,24,0,0,0,3,1,0,0.29452055,19611
2021,"Bo Bichette","TOR",75,164,150,51,35,8,0,8,28,22,14,0,28,0,0,0,1,2,0,0.34,19612
2021,"Brent Rooker","MIN",33,76,66,14,7,5,0,2,7,4,6,0,22,4,0,0,0,0,0,0.21212121,19627
2021,"Mike Brosseau","TBR",49,109,94,22,12,6,0,4,15,14,13,0,30,0,2,0,0,2,0,0.23404255,19683
2021,"Fernando Tatis Jr.","SDP",67,134,116,33,15,9,0,9,23,21,17,3,36,0,1,0,2,4,1,0.28448276,19709
2021,"Josh Rojas","ARI",74,148,130,36,25,7,0,4,22,13,15,0,41,0,0,1,1,4,0,0.27692308,19734
2021,"Shohei Ohtani","LAA",105,224,198,52,19,10,5,18,35,34,23,5,69,2,1,0,1,7,0,0.26262626,19755
2021,"Abraham Toro","2 Tms",55,122,108,27,22,5,0,0,15,8,11,0,21,3,0,0,3,0,1,0.25,19844
2021,"Pavin Smith","ARI",82,149,134,32,27,3,1,1,18,19,13,0,31,1,1,0,2,0,0,0.23880597,19892
2021,"Jesus Sanchez","MIA",38,76,70,18,11,2,1,4,6,8,5,1,26,1,0,0,1,0,0,0.25714286,19913
2021,"Daulton Varsho","ARI",51,90,82,24,16,5,0,3,11,11,8,1,16,0,0,0,2,2,0,0.29268293,19918
2021,"Ryan McKenna","BAL",43,89,78,12,9,2,0,1,7,9,9,0,31,1,0,1,0,0,0,0.15384615,19928
2021,"Luke Williams","PHI",37,65,59,17,13,3,0,1,6,4,6,0,10,0,0,0,2,0,0,0.28813559,19931
2021,"Gavin Lux","LAD",56,98,85,16,13,2,0,1,7,5,12,0,24,0,1,0,1,1,0,0.18823529,19955
2021,"Carter Kieboom","WSN",41,88,73,13,10,0,0,3,7,8,12,1,14,3,0,0,3,0,0,0.17808219,19958
2021,"Taylor Trammell","SEA",32,60,51,5,2,2,0,1,4,4,6,0,26,1,0,2,0,0,0,0.09803922,19960
2021,"Bobby Dalbec","BOS",90,190,176,49,26,9,3,11,17,39,11,1,65,2,1,0,1,0,0,0.27840909,19966
2021,"Santiago Espinal","TOR",54,99,92,32,27,5,0,0,11,7,7,0,11,0,0,0,2,2,0,0.34782609,19997
2021,"Luis Robert","CHW",33,68,63,25,12,7,0,6,13,16,4,1,13,1,0,0,1,0,0,0.3968254,20043
2021,"Juan Soto","WSN",116,238,193,54,37,7,0,10,36,35,40,6,42,2,3,0,8,0,1,0.27979275,20123
2021,"Dylan Carlson","STL",70,138,123,42,29,8,0,5,22,19,12,0,32,0,2,1,1,0,0,0.34146341,20126
2021,"Brandon Marsh","LAA",42,81,77,20,19,1,0,0,7,3,3,0,30,0,0,1,0,0,0,0.25974026,20202
2021,"Alex Kirilloff","MIN",37,71,68,19,12,4,0,3,9,11,3,0,15,0,0,0,0,0,0,0.27941176,20325
2021,"Luis Garcia","WSN",35,66,64,19,11,7,0,1,6,7,2,0,12,0,0,0,1,0,1,0.296875,20391
2021,"Jazz Chisholm Jr.","MIA",72,150,139,33,21,7,1,4,18,13,7,0,50,2,1,1,1,5,1,0.23741007,20454
2021,"Nick Madrigal","CHW",32,63,59,22,15,4,1,2,6,5,4,0,4,0,0,0,2,0,1,0.37288136,20521
2021,"Trevor Larnach","MIN",47,90,82,15,11,2,0,2,9,8,6,0,34,1,1,0,2,0,0,0.18292683,21501
2021,"Jonathan India","CIN",81,159,138,41,28,10,0,3,22,14,18,1,28,3,0,0,5,3,2,0.29710145,21523
2021,"Alec Bohm","PHI",66,137,121,35,25,6,0,4,20,19,12,0,36,2,2,0,3,0,0,0.2892562,21618
2021,"Akil Baddoo","DET",59,108,98,21,19,1,1,0,11,11,9,0,33,0,1,0,1,1,0,0.21428571,22168
2021,"Taylor Walls","TBR",33,70,61,14,11,3,0,0,6,6,9,0,18,0,0,0,0,3,1,0.2295082,22458
2021,"Jarred Kelenic","SEA",65,143,131,22,15,5,0,2,13,13,12,0,40,0,0,0,3,0,1,0.16793893,22558
2021,"Alejandro Kirk","TOR",29,60,51,16,10,2,0,4,8,11,6,0,6,2,1,0,3,0,0,0.31372549,22581
2021,"Wander Franco","TBR",47,110,98,35,21,8,2,4,23,16,11,0,10,0,1,0,2,1,0,0.35714286,23667
2021,"Ryan Jeffers","MIN",47,99,89,20,12,3,0,5,13,13,10,0,36,0,0,0,1,0,0,0.2247191,24618
2021,"Owen Miller","CLE",35,85,81,16,12,2,0,2,4,9,4,0,25,0,0,0,4,2,0,0.19753086,24655
2021,"Andrew Vaughn","CHW",69,141,119,32,14,10,0,8,24,17,21,0,32,1,0,0,5,0,0,0.26890756,26197
2021,"Yoshi Tsutsugo","3 Tms",40,70,66,17,11,3,1,2,4,9,3,0,21,0,1,0,1,0,1,0.25757576,27459
2021,"Ha-Seong Kim","SDP",54,90,81,18,9,7,0,2,5,14,7,1,21,1,1,0,2,0,1,0.22222222,27506